{"name":"8a71e8a6-a779-40f6-b14f-d427fa1166a1","id":"/providers/Microsoft.Flow/flows/8a71e8a6-a779-40f6-b14f-d427fa1166a1","type":"Microsoft.Flow/flows","properties":{"apiId":"/providers/Microsoft.PowerApps/apis/shared_logicflows","displayName":"planos_acao - visão geral","definition":{"metadata":{"workflowEntityId":null,"processAdvisorMetadata":null,"flowChargedByPaygo":null,"flowclientsuspensionreason":"None","flowclientsuspensiontime":null,"flowclientsuspensionreasondetails":null,"creator":{"id":"c171ff8e-c962-48e1-834d-60d45202356d","type":"User","tenantId":"4c86fd71-d016-4231-a160-57311d68b951"},"provisioningMethod":"FromDefinition","failureAlertSubscription":true,"clientLastModifiedTime":"2025-11-19T19:06:41.014516Z","connectionKeySavedTimeKey":"2025-11-19T19:06:41.014516Z","creationSource":"Portal","modifiedSources":"Portal"},"$schema":"https://schema.management.azure.com/providers/Microsoft.Logic/schemas/2016-06-01/workflowdefinition.json#","contentVersion":"undefined","parameters":{"$authentication":{"defaultValue":{},"type":"SecureObject"},"$connections":{"defaultValue":{},"type":"Object"}},"triggers":{"manual":{"metadata":{},"type":"Request","kind":"Http","inputs":{"method":"GET","triggerAuthenticationType":"All"}}},"actions":{"get_file_content_-_planos.txt":{"runAfter":{},"type":"OpenApiConnection","inputs":{"parameters":{"path":"/planos_acao/planos.txt","inferContentType":true},"host":{"apiId":"/providers/Microsoft.PowerApps/apis/shared_onedriveforbusiness","connectionName":"shared_onedriveforbusiness","operationId":"GetFileContentByPath"},"authentication":"@parameters('$authentication')"}},"get_file_content_-_acoes.txt":{"runAfter":{},"type":"OpenApiConnection","inputs":{"parameters":{"path":"/planos_acao/acoes.txt","inferContentType":true},"host":{"apiId":"/providers/Microsoft.PowerApps/apis/shared_onedriveforbusiness","connectionName":"shared_onedriveforbusiness","operationId":"GetFileContentByPath"},"authentication":"@parameters('$authentication')"}},"Run_a_prompt":{"runAfter":{"get_file_content_-_planos.txt":["Succeeded"],"get_file_content_-_acoes.txt":["Succeeded"]},"metadata":{"flowSystemMetadata":{"portalOperationId":"aibuilderpredict_customprompt","portalOperationGroup":"aibuilder","portalOperationApiDisplayNameOverride":"AI Builder","portalOperationIconOverride":"https://content.powerapps.com/resource/makerx/static/pauto/images/designeroperations/aiBuilderNew.51dbdb6b.png","portalOperationBrandColorOverride":"#0A76C4","portalOperationApiTierOverride":"Standard"}},"type":"OpenApiConnection","inputs":{"parameters":{"recordId":"3bc30863-5f5d-4837-87ab-6f95982e2924","item/requestv2/jsonAcoes":"@{body('get_file_content_-_acoes.txt')}","item/requestv2/jsonPlanos":"@{body('get_file_content_-_planos.txt')}"},"host":{"apiId":"/providers/Microsoft.PowerApps/apis/shared_commondataserviceforapps","connectionName":"shared_commondataserviceforapps","operationId":"aibuilderpredict_customprompt"},"authentication":"@parameters('$authentication')"}},"Response":{"runAfter":{"Run_a_prompt":["Succeeded"]},"type":"Response","kind":"Http","inputs":{"statusCode":200,"body":"@outputs('Run_a_prompt')?['body/responsev2/predictionOutput/text']"}}}},"connectionReferences":{"shared_onedriveforbusiness":{"connectionName":"shared-onedriveforbu-cc662ddd-0ecc-405d-8610-4344e485e63d","source":"Embedded","id":"/providers/Microsoft.PowerApps/apis/shared_onedriveforbusiness","tier":"NotSpecified","apiName":"onedriveforbusiness","isProcessSimpleApiReferenceConversionAlreadyDone":false},"shared_commondataserviceforapps":{"connectionName":"shared-commondataser-e6775022-7073-41ac-86c4-acd7f54a025b","source":"Embedded","id":"/providers/Microsoft.PowerApps/apis/shared_commondataserviceforapps","tier":"NotSpecified","apiName":"commondataserviceforapps","isProcessSimpleApiReferenceConversionAlreadyDone":false}},"flowFailureAlertSubscribed":false,"isManaged":false}}