{"name":"0a9253b7-f9b1-4c7c-a48d-8c4d19cf8fb2","id":"/providers/Microsoft.Flow/flows/0a9253b7-f9b1-4c7c-a48d-8c4d19cf8fb2","type":"Microsoft.Flow/flows","properties":{"apiId":"/providers/Microsoft.PowerApps/apis/shared_logicflows","displayName":"planos_acao - att status","definition":{"metadata":{"workflowEntityId":null,"processAdvisorMetadata":null,"flowChargedByPaygo":null,"flowclientsuspensionreason":"None","flowclientsuspensiontime":null,"flowclientsuspensionreasondetails":null,"creator":{"id":"c171ff8e-c962-48e1-834d-60d45202356d","type":"User","tenantId":"4c86fd71-d016-4231-a160-57311d68b951"},"provisioningMethod":"FromDefinition","failureAlertSubscription":true,"clientLastModifiedTime":"2025-12-30T14:01:19.471782Z","connectionKeySavedTimeKey":"2025-12-30T14:01:19.471782Z","creationSource":null,"modifiedSources":"Portal"},"$schema":"https://schema.management.azure.com/providers/Microsoft.Logic/schemas/2016-06-01/workflowdefinition.json#","contentVersion":"undefined","parameters":{"$authentication":{"defaultValue":{},"type":"SecureObject"},"$connections":{"defaultValue":{},"type":"Object"}},"triggers":{"Recurrence":{"recurrence":{"interval":1,"frequency":"Day","timeZone":"E. South America Standard Time","schedule":{"minutes":[0],"hours":["7"]},"startTime":"2025-11-19T00:00:00Z"},"evaluatedRecurrence":{"interval":1,"frequency":"Day","timeZone":"E. South America Standard Time","schedule":{"minutes":[0],"hours":["7"]},"startTime":"2025-11-19T00:00:00Z"},"type":"Recurrence"}},"actions":{"Apply_to_each":{"foreach":"@variables('acoes')","actions":{"Switch":{"cases":{"Case_-_data_hoje_ou_antes,_status_planejado":{"case":"case1","actions":{"registrando_no_novo_arquivo":{"type":"AppendToArrayVariable","inputs":{"name":"novo_arquivo","value":"@setProperty(items('Apply_to_each'),'Status','Em curso')"}},"registrando_no_log":{"type":"AppendToArrayVariable","inputs":{"name":"log","value":"@json(concat(\r\n'{\"',\r\n  'id\":\"',items('Apply_to_each')?['ID'],'\",',\r\n  '\"arquivo\":\"acoes.txt\",',\r\n  '\"dataHora\":\"',formatDateTime(utcNow(), 'yyyy-MM-dd'),'\",',\r\n  '\"evento\":\"update\",',\r\n  '\"novoConteudo\":',string(setProperty(items('Apply_to_each'), 'Status', 'Pendente')),\r\n'}'\r\n))"}},"Increment_variable":{"runAfter":{"registrando_no_log":["Succeeded"],"registrando_no_novo_arquivo":["Succeeded"]},"type":"IncrementVariable","inputs":{"name":"count","value":1}},"adicionando_id_alterado":{"runAfter":{"registrando_no_log":["Succeeded"],"registrando_no_novo_arquivo":["Succeeded"]},"type":"AppendToArrayVariable","inputs":{"name":"ids_alterados","value":"@items('Apply_to_each')?['ID']"}}}},"Case_2_-_data_fim_ontem_ou_antes,_status_em_curso":{"case":"case2","actions":{"registrando_no_novo_arquivo2":{"type":"AppendToArrayVariable","inputs":{"name":"novo_arquivo","value":"@setProperty(items('Apply_to_each'),'Status','Pendente')"}},"registrando_no_log2":{"type":"AppendToArrayVariable","inputs":{"name":"log","value":"@json(concat(\r\n'{\"',\r\n  'id\":\"',items('Apply_to_each')?['ID'],'\",',\r\n  '\"arquivo\":\"acoes.txt\",',\r\n  '\"dataHora\":\"',formatDateTime(utcNow(), 'yyyy-MM-dd'),'\",',\r\n  '\"evento\":\"update\",',\r\n  '\"novoConteudo\":',string(setProperty(items('Apply_to_each'), 'Status', 'Pendente')),\r\n'}'\r\n))"}},"Increment_variable_2":{"runAfter":{"registrando_no_log2":["Succeeded"],"registrando_no_novo_arquivo2":["Succeeded"]},"type":"IncrementVariable","inputs":{"name":"count","value":1}},"adicionando_id_alterado_1":{"runAfter":{"registrando_no_novo_arquivo2":["Succeeded"],"registrando_no_log2":["Succeeded"]},"type":"AppendToArrayVariable","inputs":{"name":"ids_alterados","value":"@items('Apply_to_each')?['ID']"}}}}},"default":{"actions":{"Append_to_array_variable":{"type":"AppendToArrayVariable","inputs":{"name":"novo_arquivo","value":"@items('Apply_to_each')"}}}},"expression":"@if(\r\n  and(\r\n    not(empty(items('Apply_to_each')?['Data de início'])),\r\n    lessOrEquals(items('Apply_to_each')?['Data de início'], formatDateTime(utcNow(), 'yyyy-MM-dd')),\r\n    equals(items('Apply_to_each')?['Status'], 'Planejado')\r\n  ),\r\n  'case1',\r\n  if(\r\n    and(\r\n      not(empty(items('Apply_to_each')?['Data fim'])),\r\n      lessOrEquals(items('Apply_to_each')?['Data fim'], formatDateTime(addDays(utcNow(),-1), 'yyyy-MM-dd')),\r\n      equals(items('Apply_to_each')?['Status'], 'Em curso')\r\n    ),\r\n    'case2',\r\n    'default'\r\n  )\r\n)","type":"Switch"}},"runAfter":{"Initialize_variable_-_novo_acoes":["Succeeded"]},"type":"Foreach"},"Initialize_variable_-_novo_acoes":{"runAfter":{"Initialize_variable_-_acoes":["Succeeded"],"Initialize_variable_-_log":["Succeeded"]},"type":"InitializeVariable","inputs":{"variables":[{"name":"novo_arquivo","type":"array"}]}},"get_file_content_-_acoes.txt":{"runAfter":{"Initialize_variable_-_count":["Succeeded"],"Initialize_variable_-_ids_alterados":["Succeeded"]},"type":"OpenApiConnection","inputs":{"parameters":{"path":"/planos_acao/acoes.txt","inferContentType":true},"host":{"apiId":"/providers/Microsoft.PowerApps/apis/shared_onedriveforbusiness","connectionName":"shared_onedriveforbusiness","operationId":"GetFileContentByPath"},"authentication":"@parameters('$authentication')"}},"Initialize_variable_-_acoes":{"runAfter":{"get_file_content_-_acoes.txt":["Succeeded"]},"type":"InitializeVariable","inputs":{"variables":[{"name":"acoes","type":"array","value":"@json(body('get_file_content_-_acoes.txt'))"}]}},"get_file_content_-_log.txt":{"runAfter":{"Initialize_variable_-_count":["Succeeded"],"Initialize_variable_-_ids_alterados":["Succeeded"]},"type":"OpenApiConnection","inputs":{"parameters":{"path":"/planos_acao/log.txt","inferContentType":true},"host":{"apiId":"/providers/Microsoft.PowerApps/apis/shared_onedriveforbusiness","connectionName":"shared_onedriveforbusiness","operationId":"GetFileContentByPath"},"authentication":"@parameters('$authentication')"}},"Initialize_variable_-_log":{"runAfter":{"get_file_content_-_log.txt":["Succeeded"]},"type":"InitializeVariable","inputs":{"variables":[{"name":"log","type":"array","value":"@json(body('get_file_content_-_log.txt'))"}]}},"Update_file_-_acoes":{"runAfter":{"Apply_to_each":["Succeeded"]},"metadata":{"b!CBL55buz2ESJs1uFR6EADLxxibtFRFhEj56rlGQWATVY2X5ZtAZHRpamp9oqEvjf.01FL6ROAQMGLVKOAHDZJBYRIITWXL6IC36":"/planos_acao/acoes.txt"},"type":"OpenApiConnection","inputs":{"parameters":{"id":"b!CBL55buz2ESJs1uFR6EADLxxibtFRFhEj56rlGQWATVY2X5ZtAZHRpamp9oqEvjf.01FL6ROAQMGLVKOAHDZJBYRIITWXL6IC36","body":"@variables('novo_arquivo')"},"host":{"apiId":"/providers/Microsoft.PowerApps/apis/shared_onedriveforbusiness","connectionName":"shared_onedriveforbusiness","operationId":"UpdateFile"},"authentication":"@parameters('$authentication')"},"runtimeConfiguration":{"contentTransfer":{"transferMode":"Chunked"}}},"Update_file_-_log":{"runAfter":{"Apply_to_each":["Succeeded"]},"metadata":{"b!CBL55buz2ESJs1uFR6EADLxxibtFRFhEj56rlGQWATVY2X5ZtAZHRpamp9oqEvjf.01FL6ROASTQECDFDA4YBHILRQQSAHYMVNY":"/planos_acao/log.txt"},"type":"OpenApiConnection","inputs":{"parameters":{"id":"b!CBL55buz2ESJs1uFR6EADLxxibtFRFhEj56rlGQWATVY2X5ZtAZHRpamp9oqEvjf.01FL6ROASTQECDFDA4YBHILRQQSAHYMVNY","body":"@variables('log')"},"host":{"apiId":"/providers/Microsoft.PowerApps/apis/shared_onedriveforbusiness","connectionName":"shared_onedriveforbusiness","operationId":"UpdateFile"},"authentication":"@parameters('$authentication')"},"runtimeConfiguration":{"contentTransfer":{"transferMode":"Chunked"}}},"Initialize_variable_-_count":{"runAfter":{},"type":"InitializeVariable","inputs":{"variables":[{"name":"count","type":"integer","value":0}]}},"Send_an_email_(V2)":{"runAfter":{"Apply_to_each":["Succeeded"]},"type":"OpenApiConnection","inputs":{"parameters":{"emailMessage/To":"pedro.cardoso@fazenda.mg.gov.br","emailMessage/Subject":"LOG Planos de Ação | Fluxo de atualização de status","emailMessage/Body":"<p class=\"editor-paragraph\">Status atualizados: @{variables('count')}<br><br>@{if(\r\n  equals(variables('count'),0),\r\n  '',\r\n  join(variables('ids_alterados'),', ')\r\n)}</p>","emailMessage/From":"sccggabinete@fazenda.mg.gov.br"},"host":{"apiId":"/providers/Microsoft.PowerApps/apis/shared_office365","connectionName":"shared_office365","operationId":"SendEmailV2"},"authentication":"@parameters('$authentication')"}},"Initialize_variable_-_ids_alterados":{"runAfter":{},"type":"InitializeVariable","inputs":{"variables":[{"name":"ids_alterados","type":"array"}]}}}},"connectionReferences":{"shared_onedriveforbusiness":{"connectionName":"shared-onedriveforbu-cc662ddd-0ecc-405d-8610-4344e485e63d","source":"Embedded","id":"/providers/Microsoft.PowerApps/apis/shared_onedriveforbusiness","tier":"NotSpecified","apiName":"onedriveforbusiness","isProcessSimpleApiReferenceConversionAlreadyDone":false},"shared_office365":{"connectionName":"shared-office365-2ef38e35-2c5c-459c-9549-d52e9aeea717","source":"Embedded","id":"/providers/Microsoft.PowerApps/apis/shared_office365","tier":"NotSpecified","apiName":"office365","isProcessSimpleApiReferenceConversionAlreadyDone":false}},"flowFailureAlertSubscribed":false,"isManaged":false}}