{"name":"27c33b37-89d0-439a-be09-0113d6e0f688","id":"/providers/Microsoft.Flow/flows/27c33b37-89d0-439a-be09-0113d6e0f688","type":"Microsoft.Flow/flows","properties":{"apiId":"/providers/Microsoft.PowerApps/apis/shared_logicflows","displayName":"plano_acao - user photo","definition":{"metadata":{"workflowEntityId":null,"processAdvisorMetadata":null,"flowChargedByPaygo":null,"flowclientsuspensionreason":"None","flowclientsuspensiontime":null,"flowclientsuspensionreasondetails":null,"creator":{"id":"c171ff8e-c962-48e1-834d-60d45202356d","type":"User","tenantId":"4c86fd71-d016-4231-a160-57311d68b951"},"provisioningMethod":"FromDefinition","failureAlertSubscription":true,"clientLastModifiedTime":"2026-02-19T13:27:39.4675771Z","connectionKeySavedTimeKey":"2026-02-19T13:27:39.4675771Z","creationSource":"Portal","modifiedSources":"Portal"},"$schema":"https://schema.management.azure.com/providers/Microsoft.Logic/schemas/2016-06-01/workflowdefinition.json#","contentVersion":"1.0.0.0","parameters":{"$authentication":{"defaultValue":{},"type":"SecureObject"},"$connections":{"defaultValue":{},"type":"Object"}},"triggers":{"manual":{"metadata":{},"type":"Request","kind":"Http","inputs":{"schema":{"type":"object","properties":{"email":{"type":"string"}}},"triggerAuthenticationType":"All"}}},"actions":{"Search_for_users_(V2)":{"runAfter":{},"type":"OpenApiConnection","inputs":{"parameters":{"top":1,"isSearchTermRequired":true,"searchTerm":"@triggerBody()?['email']"},"host":{"apiId":"/providers/Microsoft.PowerApps/apis/shared_office365users","connectionName":"shared_office365users","operationId":"SearchUserV2"},"authentication":"@parameters('$authentication')"}},"For_each":{"foreach":"@outputs('Search_for_users_(V2)')?['body/value']","actions":{"Get_user_photo_(V2)":{"type":"OpenApiConnection","inputs":{"parameters":{"id":"@items('For_each')?['Id']"},"host":{"apiId":"/providers/Microsoft.PowerApps/apis/shared_office365users","connectionName":"shared_office365users","operationId":"UserPhoto_V2"},"authentication":"@parameters('$authentication')"}},"Append_to_array_variable":{"runAfter":{"Get_user_photo_(V2)":["Succeeded"]},"type":"AppendToArrayVariable","inputs":{"name":"teste","value":"@body('Get_user_photo_(V2)')"}}},"runAfter":{"Initialize_variable":["Succeeded"]},"type":"Foreach"},"Initialize_variable":{"runAfter":{"Search_for_users_(V2)":["Succeeded"]},"type":"InitializeVariable","inputs":{"variables":[{"name":"teste","type":"array"}]}},"Response_-_404":{"runAfter":{"For_each":["Failed"]},"type":"Response","kind":"Http","inputs":{"statusCode":404}},"Condition":{"actions":{"Response_-_200":{"type":"Response","kind":"Http","inputs":{"statusCode":200,"body":"@first(variables('teste'))"}}},"runAfter":{"For_each":["Succeeded"]},"else":{"actions":{"Response_-_204":{"type":"Response","kind":"Http","inputs":{"statusCode":204}}}},"expression":{"and":[{"greater":["@length(variables('teste'))",0]}]},"type":"If"}},"outputs":{}},"connectionReferences":{"shared_office365users":{"connectionName":"203ba5663997498695927086f4e73838","source":"Embedded","id":"/providers/Microsoft.PowerApps/apis/shared_office365users","tier":"NotSpecified","apiName":"office365users","isProcessSimpleApiReferenceConversionAlreadyDone":false}},"flowFailureAlertSubscribed":false,"isManaged":false}}