{"name":"e27309be-ddb3-46b1-9e82-ad4c9f85f6fd","id":"/providers/Microsoft.Flow/flows/e27309be-ddb3-46b1-9e82-ad4c9f85f6fd","type":"Microsoft.Flow/flows","properties":{"apiId":"/providers/Microsoft.PowerApps/apis/shared_logicflows","displayName":"planos_acao - get file content","definition":{"metadata":{"workflowEntityId":null,"processAdvisorMetadata":null,"flowChargedByPaygo":null,"flowclientsuspensionreason":"None","flowclientsuspensiontime":null,"flowclientsuspensionreasondetails":null,"creator":{"id":"c171ff8e-c962-48e1-834d-60d45202356d","type":"User","tenantId":"4c86fd71-d016-4231-a160-57311d68b951"},"provisioningMethod":"FromDefinition","failureAlertSubscription":true,"clientLastModifiedTime":"2025-10-03T14:42:25.042457Z","connectionKeySavedTimeKey":"2026-01-04T04:21:00.5927922Z","creationSource":null,"modifiedSources":"Portal","clientCreatedTime":"2025-09-09T18:23:46.0018373Z","migrationSourceId":"/subscriptions/9886614e-0b59-4844-8dae-f46634aed7ba/resourceGroups/4c86fd71d0164231a16057311d68b951-default4c86fd71d0164231a16057311d68b951-env/providers/Microsoft.Logic/workflows/e27309be-ddb3-46b1-9e82-ad4c9f85f6fd-azshadow"},"$schema":"https://schema.management.azure.com/providers/Microsoft.Logic/schemas/2016-06-01/workflowdefinition.json#","contentVersion":"1.0.0.0","parameters":{"$authentication":{"defaultValue":{},"type":"SecureObject"},"$connections":{"defaultValue":{},"type":"Object"}},"triggers":{"manual":{"metadata":{},"type":"Request","kind":"Http","inputs":{"schema":{"type":"object","properties":{"files":{"type":"array","items":{"type":"string"}}}},"method":"POST","triggerAuthenticationType":"All"}}},"actions":{"Response":{"runAfter":{"Apply_to_each":["Succeeded"]},"type":"Response","kind":"Http","inputs":{"statusCode":200,"headers":{"Content-Type":"application/json"},"body":"@concat('[', join(variables('jsonFinal'), ','), ']')"}},"Apply_to_each":{"foreach":"@triggerBody()?['files']","actions":{"Get_file_content_using_path":{"type":"OpenApiConnection","inputs":{"parameters":{"path":"/planos_acao/@{items('Apply_to_each')}","inferContentType":true},"host":{"apiId":"/providers/Microsoft.PowerApps/apis/shared_onedriveforbusiness","connectionName":"shared_onedriveforbusiness-1","operationId":"GetFileContentByPath"},"authentication":"@parameters('$authentication')"}},"Append_to_array_variable":{"runAfter":{"Get_file_content_using_path":["Succeeded"]},"type":"AppendToArrayVariable","inputs":{"name":"jsonFinal","value":"@{body('Get_file_content_using_path')}"}}},"runAfter":{"Initialize_variable":["Succeeded"]},"type":"Foreach"},"Initialize_variable":{"runAfter":{},"type":"InitializeVariable","inputs":{"variables":[{"name":"jsonFinal","type":"array"}]}}},"outputs":{}},"connectionReferences":{"shared_onedriveforbusiness-1":{"connectionName":"shared-onedriveforbu-24333e4e-f56a-4ab8-8226-fa98277a565b","source":"Embedded","id":"/providers/Microsoft.PowerApps/apis/shared_onedriveforbusiness","tier":"NotSpecified","apiName":"onedriveforbusiness","isProcessSimpleApiReferenceConversionAlreadyDone":false}},"flowFailureAlertSubscribed":false,"isManaged":false}}