{"name":"443f5517-7497-4ac0-ac98-408bb13d2d7a","id":"/providers/Microsoft.Flow/flows/443f5517-7497-4ac0-ac98-408bb13d2d7a","type":"Microsoft.Flow/flows","properties":{"apiId":"/providers/Microsoft.PowerApps/apis/shared_logicflows","displayName":"planos_acao - edit file","definition":{"metadata":{"workflowEntityId":null,"processAdvisorMetadata":null,"flowChargedByPaygo":null,"flowclientsuspensionreason":"None","flowclientsuspensiontime":null,"flowclientsuspensionreasondetails":null,"creator":{"id":"c171ff8e-c962-48e1-834d-60d45202356d","type":"User","tenantId":"4c86fd71-d016-4231-a160-57311d68b951"},"provisioningMethod":"FromDefinition","failureAlertSubscription":true,"clientLastModifiedTime":"2025-10-03T14:44:12.1850459Z","connectionKeySavedTimeKey":"2025-10-03T14:44:12.1850459Z","creationSource":null,"modifiedSources":"Portal"},"$schema":"https://schema.management.azure.com/providers/Microsoft.Logic/schemas/2016-06-01/workflowdefinition.json#","contentVersion":"1.0.0.0","parameters":{"$authentication":{"defaultValue":{},"type":"SecureObject"},"$connections":{"defaultValue":{},"type":"Object"}},"triggers":{"manual":{"metadata":{},"type":"Request","kind":"Http","inputs":{"schema":{"type":"object","properties":{"id":{"type":"string"},"evento":{"type":"string"},"arquivo":{"type":"string"},"conteudo":{"type":"string"}}},"method":"POST","triggerAuthenticationType":"All"}}},"actions":{"Switch":{"runAfter":{"novo_conteúdo":["Succeeded"]},"cases":{"create":{"case":"create","actions":{"adicionando_conteúdo_no_arquivo_original":{"runAfter":{"set_novo_arquivo_-_original":["Succeeded"]},"type":"AppendToArrayVariable","inputs":{"name":"novo arquivo","value":"@variables('novo conteudo')"}},"set_novo_arquivo_-_original":{"type":"SetVariable","inputs":{"name":"novo arquivo","value":"@variables('arquivo original')"}}}},"delete":{"case":"delete","actions":{"retirando_o_objeto_do_arquivo_original":{"type":"Query","inputs":{"from":"@variables('arquivo original')","where":"@not(equals(item()['ID'],variables('UUID')))"}},"adicionando_o_array_filtrado_no_novo_arquivo":{"runAfter":{"retirando_o_objeto_do_arquivo_original":["Succeeded"]},"type":"SetVariable","inputs":{"name":"novo arquivo","value":"@body('retirando_o_objeto_do_arquivo_original')"}}}},"update":{"case":"update","actions":{"filtrando_o_arquivo_original":{"type":"Query","inputs":{"from":"@variables('arquivo original')","where":"@not(equals(item()['ID'],variables('UUID')))"}},"adicionando_array_filtrado_ao_novo_arquivo":{"runAfter":{"filtrando_o_arquivo_original":["Succeeded"]},"type":"SetVariable","inputs":{"name":"novo arquivo","value":"@body('filtrando_o_arquivo_original')"}},"adicionando_novo_conteúdo_no_arquivo":{"runAfter":{"adicionando_array_filtrado_ao_novo_arquivo":["Succeeded"]},"type":"AppendToArrayVariable","inputs":{"name":"novo arquivo","value":"@variables('novo conteudo')"}}}}},"default":{"actions":{}},"expression":"@triggerBody()?['evento']","type":"Switch"},"conteudo_do_log":{"runAfter":{"atualizando_conteúdo_do_arquivo_alterado":["Succeeded"]},"metadata":{"b!CBL55buz2ESJs1uFR6EADLxxibtFRFhEj56rlGQWATVY2X5ZtAZHRpamp9oqEvjf.01FL6ROASTQECDFDA4YBHILRQQSAHYMVNY":"/planos_acao/log.txt"},"type":"OpenApiConnection","inputs":{"parameters":{"id":"b!CBL55buz2ESJs1uFR6EADLxxibtFRFhEj56rlGQWATVY2X5ZtAZHRpamp9oqEvjf.01FL6ROASTQECDFDA4YBHILRQQSAHYMVNY","inferContentType":true},"host":{"apiId":"/providers/Microsoft.PowerApps/apis/shared_onedriveforbusiness","connectionName":"shared_onedriveforbusiness","operationId":"GetFileContent"},"authentication":"@parameters('$authentication')"}},"adicionando_novo_log_no_conteúdo_do_arquivo":{"runAfter":{"valores_do_novo_log":["Succeeded"]},"type":"AppendToArrayVariable","inputs":{"name":"log","value":"@variables('novo log')"}},"conteúdo_do_log":{"runAfter":{"conteudo_do_log":["Succeeded"]},"type":"InitializeVariable","inputs":{"variables":[{"name":"log","type":"array","value":"@json(body('conteudo_do_log'))"}]}},"valores_do_novo_log":{"runAfter":{"conteúdo_do_log":["Succeeded"]},"type":"InitializeVariable","inputs":{"variables":[{"name":"novo log","type":"object","value":{"id":"@variables('UUID')","arquivo":"@triggerBody()?['arquivo']","dataHora":"@formatDateTime(convertTimeZone(utcNow(), 'UTC', 'E. South America Standard Time'), 'yyyy-MM-dd HH:mm:ss')","evento":"@triggerBody()?['evento']","novoConteudo":"@variables('novo conteudo')"}}]}},"arquivo_original":{"runAfter":{"resgatando_conteúdo_do_arquivo_original":["Succeeded"]},"type":"InitializeVariable","inputs":{"variables":[{"name":"arquivo original","type":"array","value":"@json(body('resgatando_conteúdo_do_arquivo_original'))"}]}},"novo_arquivo":{"runAfter":{"arquivo_original":["Succeeded"]},"type":"InitializeVariable","inputs":{"variables":[{"name":"novo arquivo","type":"array"}]}},"UUID":{"runAfter":{"novo_arquivo":["Succeeded"]},"type":"InitializeVariable","inputs":{"variables":[{"name":"UUID","type":"string","value":"@if(\r\n  equals(triggerBody()?['evento'],'create'),\r\n  guid(),\r\n  triggerBody()?['id']\r\n)"}]}},"novo_conteúdo":{"runAfter":{"UUID":["Succeeded"]},"type":"InitializeVariable","inputs":{"variables":[{"name":"novo conteudo","type":"object","value":"@if(equals(triggerBody()?['evento'],'delete'),\r\n  json('{}'),\r\n  union(\r\n    json(triggerBody()?['conteudo']),\r\n    json(concat('{\"ID\":\"',variables('UUID'),'\"}'))\r\n  )\r\n)"}]}},"Update_file":{"runAfter":{"adicionando_novo_log_no_conteúdo_do_arquivo":["Succeeded"]},"metadata":{"b!CBL55buz2ESJs1uFR6EADLxxibtFRFhEj56rlGQWATVY2X5ZtAZHRpamp9oqEvjf.01FL6ROASTQECDFDA4YBHILRQQSAHYMVNY":"/planos_acao/log.txt"},"type":"OpenApiConnection","inputs":{"parameters":{"id":"b!CBL55buz2ESJs1uFR6EADLxxibtFRFhEj56rlGQWATVY2X5ZtAZHRpamp9oqEvjf.01FL6ROASTQECDFDA4YBHILRQQSAHYMVNY","body":"@variables('log')"},"host":{"apiId":"/providers/Microsoft.PowerApps/apis/shared_onedriveforbusiness","connectionName":"shared_onedriveforbusiness","operationId":"UpdateFile"},"authentication":"@parameters('$authentication')"},"runtimeConfiguration":{"contentTransfer":{"transferMode":"Chunked"}}},"atualizando_conteúdo_do_arquivo_alterado":{"runAfter":{"Response_-_200":["Succeeded"]},"type":"OpenApiConnection","inputs":{"parameters":{"folderPath":"/planos_acao","name":"@triggerBody()?['arquivo']","body":"@variables('novo arquivo')"},"host":{"apiId":"/providers/Microsoft.PowerApps/apis/shared_onedriveforbusiness","connectionName":"shared_onedriveforbusiness","operationId":"CreateFile"},"authentication":"@parameters('$authentication')"},"runtimeConfiguration":{"contentTransfer":{"transferMode":"Chunked"}}},"resgatando_conteúdo_do_arquivo_original":{"runAfter":{},"type":"OpenApiConnection","inputs":{"parameters":{"path":"/planos_acao/@{triggerBody()?['arquivo']}","inferContentType":true},"host":{"apiId":"/providers/Microsoft.PowerApps/apis/shared_onedriveforbusiness","connectionName":"shared_onedriveforbusiness","operationId":"GetFileContentByPath"},"authentication":"@parameters('$authentication')"}},"Response_-_200":{"runAfter":{"Switch":["Succeeded"]},"type":"Response","kind":"Http","inputs":{"statusCode":200,"headers":{"Content-Type":"application/json"},"body":{"status":"Sucesso","mensagem":"Arquivo salvo com sucesso.","uuid":"@{variables('UUID')}"}}}},"outputs":{}},"connectionReferences":{"shared_onedriveforbusiness":{"connectionName":"shared-onedriveforbu-cc662ddd-0ecc-405d-8610-4344e485e63d","source":"Embedded","id":"/providers/Microsoft.PowerApps/apis/shared_onedriveforbusiness","tier":"NotSpecified","apiName":"onedriveforbusiness","isProcessSimpleApiReferenceConversionAlreadyDone":false}},"flowFailureAlertSubscribed":false,"isManaged":false}}