{"name":"76bfcc82-4872-436f-909b-b4d5e09a1094","id":"/providers/Microsoft.Flow/flows/76bfcc82-4872-436f-909b-b4d5e09a1094","type":"Microsoft.Flow/flows","properties":{"apiId":"/providers/Microsoft.PowerApps/apis/shared_logicflows","displayName":"planos_acao - filter log","definition":{"metadata":{"workflowEntityId":null,"processAdvisorMetadata":null,"flowChargedByPaygo":null,"flowclientsuspensionreason":"None","flowclientsuspensiontime":null,"flowclientsuspensionreasondetails":null,"creator":{"id":"c171ff8e-c962-48e1-834d-60d45202356d","type":"User","tenantId":"4c86fd71-d016-4231-a160-57311d68b951"},"provisioningMethod":"FromDefinition","failureAlertSubscription":true,"clientLastModifiedTime":"2026-02-19T13:25:16.7619843Z","connectionKeySavedTimeKey":"2026-02-19T13:25:16.7619843Z","creationSource":"Portal","modifiedSources":"Portal"},"$schema":"https://schema.management.azure.com/providers/Microsoft.Logic/schemas/2016-06-01/workflowdefinition.json#","contentVersion":"undefined","parameters":{"$authentication":{"defaultValue":{},"type":"SecureObject"},"$connections":{"defaultValue":{},"type":"Object"}},"triggers":{"manual":{"metadata":{},"type":"Request","kind":"Http","inputs":{"schema":{"type":"object","properties":{"id":{"type":"string"}}},"method":"POST","triggerAuthenticationType":"All"}}},"actions":{"resgatando_conteúdo_do_arquivo_original":{"runAfter":{},"type":"OpenApiConnection","inputs":{"parameters":{"path":"/planos_acao/log.txt","inferContentType":true},"host":{"apiId":"/providers/Microsoft.PowerApps/apis/shared_onedriveforbusiness","connectionName":"shared_onedriveforbusiness","operationId":"GetFileContentByPath"},"authentication":"@parameters('$authentication')"}},"filtrando_o_arquivo_original":{"runAfter":{"resgatando_conteúdo_do_arquivo_original":["Succeeded"]},"type":"Query","inputs":{"from":"@json(body('resgatando_conteúdo_do_arquivo_original'))","where":"@equals(item()['ID'],triggerBody()?['id'])"}},"Condition":{"actions":{"Response_-_200":{"type":"Response","kind":"Http","inputs":{"statusCode":200,"body":"@body('filtrando_o_arquivo_original')"}}},"runAfter":{"filtrando_o_arquivo_original":["Succeeded"]},"else":{"actions":{"Response_-_404":{"type":"Response","kind":"Http","inputs":{"statusCode":404}}}},"expression":{"and":[{"greater":["@length(body('filtrando_o_arquivo_original'))",0]}]},"type":"If"}}},"connectionReferences":{"shared_onedriveforbusiness":{"connectionName":"shared-onedriveforbu-cc662ddd-0ecc-405d-8610-4344e485e63d","source":"Embedded","id":"/providers/Microsoft.PowerApps/apis/shared_onedriveforbusiness","tier":"NotSpecified","apiName":"onedriveforbusiness","isProcessSimpleApiReferenceConversionAlreadyDone":false}},"flowFailureAlertSubscribed":false,"isManaged":false}}