{"name":"20bf9f67-a213-4f24-b2d6-9b968e9d1fbd","id":"/providers/Microsoft.Flow/flows/20bf9f67-a213-4f24-b2d6-9b968e9d1fbd","type":"Microsoft.Flow/flows","properties":{"apiId":"/providers/Microsoft.PowerApps/apis/shared_logicflows","displayName":"planos_acao - chatbot","definition":{"metadata":{"workflowEntityId":null,"processAdvisorMetadata":null,"flowChargedByPaygo":null,"flowclientsuspensionreason":"None","flowclientsuspensiontime":null,"flowclientsuspensionreasondetails":null,"creator":{"id":"c171ff8e-c962-48e1-834d-60d45202356d","type":"User","tenantId":"4c86fd71-d016-4231-a160-57311d68b951"},"provisioningMethod":"FromDefinition","failureAlertSubscription":true,"clientLastModifiedTime":"2026-02-19T12:19:23.5599729Z","connectionKeySavedTimeKey":"2026-02-19T12:19:23.5599729Z","creationSource":"Portal","modifiedSources":"Portal"},"$schema":"https://schema.management.azure.com/providers/Microsoft.Logic/schemas/2016-06-01/workflowdefinition.json#","contentVersion":"undefined","parameters":{"$connections":{"defaultValue":{},"type":"Object"},"$authentication":{"defaultValue":{},"type":"SecureObject"}},"triggers":{"manual":{"metadata":{"operationMetadataId":"17583f8f-b92b-481f-afbf-7782e77884e9"},"type":"Request","kind":"Http","inputs":{"schema":{"type":"object","properties":{"currentUserMessage":{"type":"string","description":"A mensagem mais recente enviada pelo usuário."},"conversationHistory":{"type":"string","description":"O histórico completo da conversa, formatado como uma string JSON."}},"required":["currentUserMessage","conversationHistory"]},"triggerAuthenticationType":"All"}}},"actions":{"get_file_content_-_planos.txt":{"runAfter":{},"metadata":{"operationMetadataId":"3989f091-c5b9-45c2-a48d-2eceda485e20"},"type":"OpenApiConnection","inputs":{"host":{"apiId":"/providers/Microsoft.PowerApps/apis/shared_onedriveforbusiness","connectionName":"shared_onedriveforbusiness","operationId":"GetFileContentByPath"},"parameters":{"path":"/planos_acao/planos.txt","inferContentType":true},"authentication":"@parameters('$authentication')"}},"get_file_content_-_acoes.txt":{"runAfter":{},"metadata":{"operationMetadataId":"fb1f5481-8ee2-4703-a7f1-966c44e81912"},"type":"OpenApiConnection","inputs":{"host":{"apiId":"/providers/Microsoft.PowerApps/apis/shared_onedriveforbusiness","connectionName":"shared_onedriveforbusiness","operationId":"GetFileContentByPath"},"parameters":{"path":"/planos_acao/acoes.txt","inferContentType":true},"authentication":"@parameters('$authentication')"}},"Response":{"runAfter":{"Run_a_prompt_-_GPT_4.1_mini":["Succeeded"]},"metadata":{"operationMetadataId":"43b84760-4b71-4fdc-8fd2-e40a828b4301"},"type":"Response","kind":"Http","inputs":{"statusCode":200,"headers":{"Content-Type":"application/json"},"body":"@outputs('Run_a_prompt_-_GPT_4.1_mini')?['body/responsev2/predictionOutput/text']","schema":{"type":"object","properties":{"type":{"type":"string","description":"O tipo de resposta: 'text' para uma mensagem de chat ou 'file' para um arquivo CSV."},"content":{"type":"string","description":"A resposta em formato Markdown (usado se type='text')."},"message":{"type":"string","description":"Uma mensagem de confirmação para o usuário (usado se type='file')."},"csvContent":{"type":"string","description":"O conteúdo completo do arquivo CSV (usado se type='file')."},"filename":{"type":"string","description":"O nome sugerido para o arquivo CSV (usado se type='file')."}},"required":["type"]}}},"Run_a_prompt_-_GPT_4.1_mini":{"runAfter":{"get_file_content_-_acoes.txt":["Succeeded"],"get_file_content_-_planos.txt":["Succeeded"]},"metadata":{"flowSystemMetadata":{"portalOperationId":"aibuilderpredict_customprompt","portalOperationGroup":"aibuilder","portalOperationApiDisplayNameOverride":"AI Builder","portalOperationIconOverride":"https://content.powerapps.com/resource/makerx/static/pauto/images/designeroperations/aiBuilderNew.51dbdb6b.png","portalOperationBrandColorOverride":"#0A76C4","portalOperationApiTierOverride":"Standard"},"operationMetadataId":"0269dc43-de29-4ad8-8510-ca2ad5e734db"},"type":"OpenApiConnection","inputs":{"parameters":{"recordId":"6482e8e0-56c6-4f34-adb3-48be64e835cf","item/requestv2/jsonAcoes":"@body('get_file_content_-_acoes.txt')","item/requestv2/hist_f3rico":"@triggerBody()?['conversationHistory']","item/requestv2/mensagem_20atual":"@triggerBody()?['currentUserMessage']","item/requestv2/jsonPlanos":"@body('get_file_content_-_planos.txt')"},"host":{"apiId":"/providers/Microsoft.PowerApps/apis/shared_commondataserviceforapps","connectionName":"shared_commondataserviceforapps","operationId":"aibuilderpredict_customprompt"},"authentication":"@parameters('$authentication')"}}}},"connectionReferences":{"shared_onedriveforbusiness":{"connectionName":"shared-onedriveforbu-cc662ddd-0ecc-405d-8610-4344e485e63d","source":"Embedded","id":"/providers/Microsoft.PowerApps/apis/shared_onedriveforbusiness","tier":"NotSpecified","apiName":"onedriveforbusiness","isProcessSimpleApiReferenceConversionAlreadyDone":false},"shared_commondataserviceforapps":{"connectionName":"shared-commondataser-e6775022-7073-41ac-86c4-acd7f54a025b","source":"Embedded","id":"/providers/Microsoft.PowerApps/apis/shared_commondataserviceforapps","tier":"NotSpecified","apiName":"commondataserviceforapps","isProcessSimpleApiReferenceConversionAlreadyDone":false}},"flowFailureAlertSubscribed":false,"isManaged":false}}